Feature,Mean,Std,Min,Max,Count
z_score,1.4767812204040087e-17,0.9134424034391974,-3.4152464675608805,2.1443899584205206,4631
trend,-0.23369753258845435,0.38145760599306816,-0.8,0.4888866666666667,4631
