Metric,Value
EAA Mean,0.9871732026143791
EAA Std,0.035304044990917806
EAA Min,0.875
EAA Max,1.0
SCS Mean,0.9593984303725478
SCS Std,0.08917995699872439
SCS Min,0.5915549198763491
SCS Max,0.9999999999906167
EMC Mean,0.7126518065210707
EMC Std,0.4025067177809994
