Average MRI,Median MRI,Std Dev,Min MRI,Max MRI,Total Events
0.33927430946855086,0.2727272727272727,0.261108412373841,0.0,1.0,59
